first,last,login
iris,adams,iadams
lena,smith,lsmith
eric,henderson,ehenderson
drew,brooks,dbrooks
saul,peterson,speterson
ella,phillips,ephillips
lena,green,lgreen
liam,daniels,ldaniels
ivy,allen,iallen
anne,marshall,amarshall
iris,miller,imiller
frank,jones,fjones
kent,king,kking
jane,ward,jward
gail,ramirez,gramirez
seth,ramos,sramos
omar,matthews,omatthews
ella,rivera,erivera
gary,spencer,gspencer
gail,cruz,gcruz
ivy,torres,itorres
ivan,webb,iwebb
cleo,coleman,ccoleman
rene,norman,rnorman
kirk,collins,kcollins
joan,perkins,jperkins
olivia,griffin,ogriffin
liam,hunt,lhunt
tara,edwards,tedwards
lily,rose,lrose
sophia,russell,srussell
drew,gardner,dgardner
nora,stone,nstone
boyd,murphy,bmurphy
myra,moore,mmoore
wren,cook,wcook
lily,holmes,lholmes
emma,reed,ereed
mary,hughes,mhughes
kyle,roberts,kroberts
todd,ellis,tellis
kirk,galt,kgalt
myra,graham,mgraham
aiden,gray,agray
lucas,barnes,lbarnes
emma,white,ewhite
gwen,kennedy,gkennedy
sara,garcia,sgarcia
leo,berry,lberry
hans,parker,hparker
myra,mcdonald,mmcdonald
gwen,butler,gbutler
aiden,washington,awashington
rene,morgan,rmorgan
myra,perry,mperry
lynn,wright,lwright
ivy,myers,imyers
paul,dunn,pdunn
boyd,porter,bporter
enid,bryant,ebryant
frank,nelson,fnelson
john,west,jwest
iris,gomez,igomez
dora,freeman,dfreeman
jane,jordan,jjordan
sara,morales,smorales
david,wells,dwells
anne,stephens,astephens
cleo,stevens,cstevens
tara,simmons,tsimmons
neil,ortiz,nortiz
ella,walker,ewalker
june,bell,jbell
ella,mason,emason
edna,dixon,edixon
anna,turner,aturner
iris,foster,ifoster
eric,davis,edavis
edna,crawford,ecrawford
ross,young,ryoung
cora,simpson,csimpson
james,mitchell,jmitchell
june,diaz,jdiaz
anne,ferguson,aferguson
laura,tucker,ltucker
june,owens,jowens
sarah,gordon,sgordon
john,arnold,jarnold
david,stewart,dstewart
boyd,hawkins,bhawkins
drew,wallace,dwallace
ruby,alder,ralder
ivan,rice,irice
mark,cooper,mcooper
hope,powell,hpowell
cole,fisher,cfisher
saul,baker,sbaker
henry,ford,hford
drew,james,djames
mark,campbell,mcampbell
kurt,mills,kmills
liam,knight,lknight
rose,hunter,rhunter
henry,taylor,htaylor
zola,gibson,zgibson
gail,flores,gflores
peter,scott,pscott
john,reyes,jreyes
faye,ross,fross
owen,gonzales,ogonzales
owen,harris,oharris
zola,sanders,zsanders
rene,black,rblack
mark,hamilton,mhamilton
sophia,price,sprice
faye,bailey,fbailey
henry,cole,hcole
lucas,kelly,lkelly
linda,rogers,lrogers
dale,cox,dcox
gary,warren,gwarren
joan,thomas,jthomas
joan,long,jlong
opal,perez,operez
ivan,howard,ihoward
peter,reynolds,preynolds
julia,case,jcase
gwen,murray,gmurray
jack,nichols,jnichols
mark,payne,mpayne
dora,pierce,dpierce
troy,wood,twood
jane,boyd,jboyd
olivia,patterson,opatterson
ivan,clark,iclark
anna,wiseman,awiseman
drew,sullivan,dsullivan
ivan,burns,iburns
zola,jenkins,zjenkins
troy,evans,tevans
hope,henry,hhenry
boyd,richardson,brichardson
robert,martin,rmartin
laura,kerry,lkerry
grace,hicks,ghicks
kyle,woods,kwoods
julia,lewis,jlewis
owen,hudson,ohudson
david,palmer,dpalmer
ethan,carter,ecarter
mia,bennett,mbennett
paul,robertson,probertson
loyd,wilson,lwilson
kyle,shaw,kshaw
drew,alexander,dalexander
kyle,grant,kgrant
dean,morris,dmorris
june,harrison,jharrison
troy,hayes,thayes
glen,watson,gwatson
