first,middle,last,noise_num,noise_code,noise_addr,noise_ts
iris,saul,adams,14292218,t6mjxk87au5b,1833 walnut road,"Tue, 19 Feb 2000 09:15:03 +0000"
lena,james,smith,9299546,8ii49kq71n8m,5108 park road,"Thu, 04 Apr 2005 14:57:33 +0000"
eric,drew,henderson,2833170,9ooaedoecv,1161 hill avenue,"Tue, 18 Mar 2021 08:42:31 +0000"
drew,omar,brooks,63450831,40mgg1w,6940 park lane,"Sat, 21 Feb 1999 23:03:43 +0000"
saul,fern,peterson,45550424,gpmm82i1lr3p,1236 lake drive,"Fri, 27 Jan 2000 03:03:41 +0000"
ella,loyd,phillips,22331899,54nzdkyay,4346 walnut lane,"Sat, 26 Sep 2019 09:27:44 +0000"
lena,sarah,green,20786478,snd8dud,822 river lane,"Fri, 06 Jan 2014 16:58:54 +0000"
liam,myra,daniels,9206777,epzhpcf07u,4273 maple road,"Tue, 22 Nov 2007 07:16:25 +0000"
ivy,neil,allen,9746572,3ge8n6,4346 pine road,"Wed, 10 Mar 2012 02:56:15 +0000"
anne,henry,marshall,40613163,7a9tgiqhg9,2547 cedar road,"Wed, 07 Nov 2018 19:13:45 +0000"
iris,wren,miller,65579635,df1rcavi,4292 pine lane,"Fri, 01 Feb 2000 17:45:27 +0000"
frank,clay,jones,73237889,x9j1ic,5051 elm street,"Tue, 22 Feb 2009 11:13:43 +0000"
kent,myra,king,54553049,jpkl0blv0p,4372 pine street,"Sun, 16 Apr 2004 12:55:02 +0000"
jane,karl,ward,40972024,oobmzvrerw6z,8786 elm street,"Tue, 19 May 1999 03:56:16 +0000"
gail,dora,ramirez,58336160,u16hymqc,7145 main drive,"Sat, 24 Nov 2004 17:43:46 +0000"
seth,nora,ramos,9401725,vuht6t0uzs9,2086 maple lane,"Sat, 06 Oct 2016 21:24:43 +0000"
omar,fern,matthews,73552887,atsn1u322n64,2781 church street,"Sat, 20 Jun 2000 09:32:42 +0000"
ella,julia,rivera,90311106,omjbcp4e,7462 park drive,"Thu, 16 Jul 2005 06:45:44 +0000"
gary,kent,spencer,92301118,g1ol73,823 hill avenue,"Sun, 15 Nov 2014 03:29:08 +0000"
gail,rose,cruz,42597010,26192k42qpr7,7940 church avenue,"Sat, 10 Apr 2006 08:28:04 +0000"
ivy,rene,torres,72508004,ijoyjn,1053 park lane,"Thu, 02 Apr 2024 10:34:29 +0000"
ivan,omar,webb,78403811,by4awty088o,8000 maple road,"Thu, 11 Nov 2019 13:31:01 +0000"
cleo,fern,coleman,22161928,3i8bzbf1i3ld,4263 park road,"Wed, 25 Jul 2006 06:29:20 +0000"
rene,glen,norman,33869311,f4b8dwoecbpm,334 river avenue,"Sat, 04 Oct 2004 07:08:30 +0000"
kirk,paul,collins,34402446,xkhktgbtyzme,9701 spring avenue,"Wed, 28 Nov 2017 03:44:49 +0000"
joan,seth,perkins,5522205,81xe6va0,8032 oak lane,"Sun, 15 Dec 2002 11:40:57 +0000"
olivia,adam,griffin,98498338,r8431rupfr,7386 maple lane,"Thu, 11 Jan 2013 18:39:42 +0000"
liam,edna,hunt,65447844,wqvrr9a,8465 maple street,"Thu, 18 Apr 2020 07:46:26 +0000"
tara,myra,edwards,95551870,2bfsozptx,7754 hill drive,"Fri, 11 Jun 2020 11:27:47 +0000"
lily,susan,rose,41164241,ohmuh8lm,3546 spring lane,"Sun, 17 Oct 2007 08:46:37 +0000"
sophia,kyle,russell,39771527,xlta8ir,746 main drive,"Sat, 28 Aug 2001 09:44:08 +0000"
drew,joan,gardner,38173378,42vldq4he,6566 lake street,"Mon, 05 Mar 2023 18:40:43 +0000"
nora,susan,stone,11442787,h90o7y2,7254 cedar drive,"Fri, 02 Oct 2021 13:19:36 +0000"
boyd,kirk,murphy,27898820,nqfkpl9eka0,7382 spring drive,"Tue, 10 Dec 2007 15:18:02 +0000"
myra,glen,moore,9563585,oqm1h8ojrje,978 pine road,"Fri, 10 Aug 2001 19:47:52 +0000"
wren,nina,cook,40824428,zr6852fc1uq,424 oak avenue,"Fri, 19 Jan 2022 21:53:55 +0000"
lily,karl,holmes,77352561,l472rl,9591 park lane,"Thu, 11 Jun 2019 02:30:22 +0000"
emma,tess,reed,44275498,5sz9c3fuq,5297 oak lane,"Sat, 28 Sep 2012 16:52:00 +0000"
mary,dawn,hughes,25186902,x52dnr9is2,7942 oak street,"Tue, 23 Mar 2007 20:38:51 +0000"
kyle,gail,roberts,74131929,foh3hj5s6,4480 park lane,"Fri, 05 Jul 2004 15:15:29 +0000"
todd,sophia,ellis,18331839,er0v6rast5j2,8825 lake road,"Fri, 13 Aug 2008 10:35:48 +0000"
kirk,dale,galt,32061937,yo0cu4yyj5,607 pine drive,"Mon, 28 Aug 2001 18:21:55 +0000"
myra,ruby,graham,2069919,j0je4qvzfv8,6227 elm lane,"Mon, 08 Nov 2019 17:02:39 +0000"
aiden,liam,gray,12140508,gg2ktbcud,4807 elm road,"Fri, 14 Oct 2019 13:09:15 +0000"
lucas,neil,barnes,23507411,yp5jo3,4162 lake road,"Sun, 15 May 2019 21:00:57 +0000"
emma,rita,white,9923576,wt1q3tmy4,1748 maple lane,"Wed, 23 May 1998 18:22:36 +0000"
gwen,mark,kennedy,36850133,d5sowo,3116 river road,"Sun, 22 Nov 2024 21:48:46 +0000"
sara,kurt,garcia,13051121,ct2cxifsu0l,3290 pine drive,"Wed, 27 Mar 2006 11:33:32 +0000"
leo,dean,berry,45471591,h3ejoz9xfzaq,8792 oak lane,"Sat, 09 Oct 2010 11:43:47 +0000"
hans,ivan,parker,14551967,o4b9uoe3t0h,2291 main street,"Mon, 08 Sep 2002 09:31:07 +0000"
myra,linda,mcdonald,49806322,80j0g50rcxn,7265 lake avenue,"Wed, 18 Nov 2009 11:06:43 +0000"
gwen,ethan,butler,37038180,h3fnbdv,3991 pine drive,"Sun, 18 Apr 2016 06:04:53 +0000"
aiden,enid,washington,44108516,jarji8qlhbia,5870 high avenue,"Tue, 09 Jan 2002 18:20:01 +0000"
rene,nora,morgan,70620004,e42x6g,7406 hill avenue,"Sun, 28 Nov 2014 19:02:46 +0000"
myra,dean,perry,86357724,d4z1g5,7268 oak street,"Mon, 05 May 2017 10:38:09 +0000"
lynn,susan,wright,73609154,uy7s361gh9n,7047 lake avenue,"Thu, 13 Jul 2021 13:21:52 +0000"
ivy,hugo,myers,57289295,qxj4efff,7076 oak road,"Fri, 18 Sep 2008 04:35:03 +0000"
paul,anna,dunn,55147801,1dstwg6n,2536 church lane,"Wed, 28 Sep 2009 07:54:06 +0000"
boyd,julia,porter,37398792,o199brblrt,5568 elm street,"Fri, 22 Jul 2000 05:55:09 +0000"
enid,mary,bryant,84992908,f7ny03,5586 pine road,"Sun, 19 Oct 2000 09:46:20 +0000"
frank,max,nelson,21137198,dfr21520rn6h,5656 park street,"Fri, 16 Sep 2019 09:43:43 +0000"
john,aiden,west,29607483,dantniqsu,1966 main lane,"Tue, 13 Sep 2020 23:27:11 +0000"
iris,wren,gomez,75000607,wezc1b3eu1z0,4744 oak lane,"Sun, 20 Aug 2024 00:20:10 +0000"
dora,clay,freeman,11838592,gp1z7fztv,3631 elm avenue,"Mon, 17 Sep 2004 02:32:40 +0000"
jane,adam,jordan,47133808,jpgjqmljel5,7602 high drive,"Fri, 21 Nov 2017 18:28:43 +0000"
sara,ruby,morales,42441444,2e42trd,5767 hill street,"Mon, 02 Jun 2024 09:29:28 +0000"
david,owen,wells,86535668,f6y39c2mu46j,1014 lake street,"Fri, 21 Mar 1999 10:45:05 +0000"
anne,grace,stephens,58764920,77kxxsy0v,9796 main road,"Fri, 22 Jul 2007 02:21:06 +0000"
cleo,peter,stevens,88132539,jvfjwtzift,9158 park road,"Sun, 24 Nov 2014 04:42:44 +0000"
tara,zola,simmons,89997086,6xbxtlnv5,3146 maple avenue,"Sun, 26 Feb 2014 04:04:18 +0000"
neil,hope,ortiz,99149119,cviyjklk2c,6732 elm avenue,"Sun, 24 Aug 2005 14:39:18 +0000"
ella,loyd,walker,41546077,4mx23sy670km,9907 pine road,"Sun, 12 Sep 2001 01:41:30 +0000"
june,hans,bell,16743967,fkr26j1f,3638 mill lane,"Thu, 02 Jul 2014 11:59:01 +0000"
ella,anne,mason,51840338,xobugv,2393 pine street,"Thu, 23 Mar 2022 09:58:53 +0000"
edna,james,dixon,60220270,afbqnj971h,4721 maple road,"Thu, 21 Oct 2012 03:03:15 +0000"
anna,neil,turner,67095942,8b6pjs1awp,9350 park avenue,"Fri, 12 Feb 2014 21:42:05 +0000"
iris,neil,foster,68141950,by4cyxqbwe,5650 maple street,"Wed, 05 Jan 2009 18:47:48 +0000"
eric,neil,davis,86284567,34lie3c,4808 maple street,"Wed, 10 Sep 2010 06:56:02 +0000"
edna,liam,crawford,34009198,mswdvr,2040 high road,"Sat, 15 Jul 2008 13:56:25 +0000"
ross,loyd,young,92897860,x7rf1f1l8,4814 elm street,"Wed, 10 Aug 2017 02:20:42 +0000"
cora,laura,simpson,22376682,2w2cw1rdezx,8407 high avenue,"Fri, 22 Aug 1999 00:09:54 +0000"
james,ross,mitchell,31684763,xxycj2xx2ei7,6013 park road,"Mon, 01 Dec 2003 20:17:15 +0000"
june,jane,diaz,51950566,hqq2ns5mhi,1214 lake avenue,"Sun, 22 Jun 2019 22:28:05 +0000"
anne,dawn,ferguson,8725975,8stklx6ohm,2276 maple lane,"Fri, 12 Aug 2023 00:23:35 +0000"
laura,jake,tucker,82144318,etz470,6709 mill drive,"Sat, 03 Aug 2012 02:08:20 +0000"
june,ruby,owens,46249991,9li16dh,8489 pine road,"Sat, 08 Jun 2014 05:10:20 +0000"
sarah,joan,gordon,33645675,9rit8f6,2763 river drive,"Fri, 24 Oct 2008 04:10:42 +0000"
john,myra,arnold,3818225,cqn0b5,8939 cedar road,"Sun, 22 Jul 2007 15:15:51 +0000"
david,laura,stewart,92434149,k2043n,5574 river avenue,"Wed, 24 Jun 2010 10:55:45 +0000"
boyd,adam,hawkins,49743063,9gup3hr2pj,1587 main road,"Thu, 08 Mar 2024 12:55:39 +0000"
drew,mary,wallace,96798219,mk5635t5,380 oak lane,"Tue, 19 Jun 1999 16:29:15 +0000"
ruby,david,alder,66433575,4s8ag1iqxz,5996 main lane,"Tue, 12 Sep 2007 01:36:35 +0000"
ivan,josh,rice,67690031,9rhigzxv9,5991 high avenue,"Thu, 17 Jan 1999 06:38:32 +0000"
mark,todd,cooper,95786676,473j6iuu,2663 park drive,"Fri, 11 Sep 2024 23:53:19 +0000"
hope,cleo,powell,65756104,t4bxvh0tb4q,9478 river avenue,"Thu, 06 Sep 2018 23:03:37 +0000"
cole,enid,fisher,51038283,pchmb2u,6862 pine lane,"Fri, 25 Oct 2013 22:13:26 +0000"
saul,wren,baker,8369252,i7n9u47yul3,8735 elm drive,"Sun, 24 Nov 2018 11:43:49 +0000"
henry,paul,ford,81893092,mpr9totsn,8012 elm lane,"Sun, 24 May 2007 11:35:59 +0000"
drew,lily,james,90824700,yzwjscsfw2,4202 spring lane,"Fri, 09 Sep 2020 06:12:52 +0000"
mark,edna,campbell,14670143,ppd7oodg0v,7740 oak avenue,"Tue, 14 Nov 2026 00:35:59 +0000"
kurt,ross,mills,87323825,susdfo8,612 walnut avenue,"Tue, 02 Jul 2023 13:56:53 +0000"
liam,anna,knight,38861599,atgvs3,8902 hill lane,"Thu, 09 Apr 2023 04:54:32 +0000"
rose,robert,hunter,21819610,3qlavsmlz16,5373 oak lane,"Tue, 16 Jun 2005 21:06:11 +0000"
henry,anne,taylor,51492483,2rvtaqx,3872 main street,"Thu, 22 Sep 2026 14:19:10 +0000"
zola,fern,gibson,41748753,hsxooi4j3x0,8999 walnut lane,"Sun, 07 Apr 2019 17:51:42 +0000"
gail,lena,flores,10998446,27xehd96m8,2456 pine road,"Sat, 07 Dec 2016 16:28:07 +0000"
peter,david,scott,68511420,d3i603d93,5050 spring street,"Mon, 24 Apr 2016 12:16:52 +0000"
john,faye,reyes,56877700,e8de4cs0,2949 high avenue,"Thu, 12 Jul 2012 20:46:41 +0000"
faye,aiden,ross,10780971,8iwhl8z7ioa,373 cedar lane,"Thu, 18 Jul 2024 21:46:34 +0000"
owen,mary,gonzales,61834078,jrmhc0bp,3377 oak street,"Fri, 22 Dec 2025 19:02:28 +0000"
owen,gail,harris,99403741,z2o8nd,2296 hill road,"Sat, 19 Jun 2016 07:52:58 +0000"
zola,kirk,sanders,90275703,uptj7o0trd9l,7000 hill lane,"Sat, 13 Sep 2008 01:22:41 +0000"
rene,dale,black,54805619,tyl84po,4928 mill avenue,"Fri, 14 Jul 2015 14:58:03 +0000"
mark,david,hamilton,52142722,qnvf2xf,8776 spring avenue,"Sat, 20 Oct 1999 01:17:24 +0000"
sophia,ruby,price,78874147,9n4nvtanmh4,3975 spring drive,"Tue, 18 Jun 2022 22:13:25 +0000"
faye,norma,bailey,62589077,wtqx653g4u,3329 elm road,"Sun, 08 Dec 2002 13:02:36 +0000"
henry,carl,cole,74274220,0sjmvoyp59,5531 cedar lane,"Thu, 15 Mar 2021 23:41:47 +0000"
lucas,hans,kelly,18794915,85l8d7ceda0,2253 mill avenue,"Mon, 07 Sep 2012 02:45:09 +0000"
linda,susan,rogers,82934441,45ba890ab7r,8778 cedar street,"Sat, 14 Mar 2001 16:52:44 +0000"
dale,sarah,cox,19994682,m7qwrzf,6113 park lane,"Tue, 10 Nov 2024 18:15:44 +0000"
gary,wren,warren,87237356,cfzyy94dakf5,7110 church road,"Fri, 02 Apr 2004 18:54:06 +0000"
joan,ella,thomas,63830568,cer8club,3395 river avenue,"Mon, 10 Mar 2016 22:52:25 +0000"
joan,lily,long,52241715,8vyif6wdg1o,1246 elm drive,"Sun, 11 Jan 2018 19:38:25 +0000"
opal,enid,perez,60481823,ow9y1lyfs,4038 spring street,"Thu, 23 Nov 2002 02:17:09 +0000"
ivan,amy,howard,42513832,gfat2xrg,2171 oak avenue,"Fri, 17 Jul 2001 13:28:35 +0000"
peter,ross,reynolds,47511571,fuyas0yf9p,9371 hill avenue,"Tue, 09 May 2006 21:24:10 +0000"
julia,robert,case,8501573,1r0t4ex,4124 maple lane,"Thu, 04 Mar 2007 19:39:12 +0000"
gwen,faye,murray,44599439,yv2v1itum4ul,6525 elm road,"Thu, 19 Apr 2008 23:44:40 +0000"
jack,ross,nichols,52748860,hm8l9b3n,7184 high road,"Sun, 26 Jul 2019 22:04:52 +0000"
mark,josh,payne,85014924,pqj1ye24,9540 park drive,"Sun, 23 Jul 2015 16:59:58 +0000"
dora,chloe,pierce,94181759,8fgpwkczv1ga,1616 cedar avenue,"Fri, 19 Dec 2016 16:47:33 +0000"
troy,kurt,wood,50223478,36jwb4gs0,1407 oak avenue,"Thu, 26 Apr 2014 11:19:21 +0000"
jane,june,boyd,63919453,22uetc,1886 main road,"Sun, 06 Dec 2005 20:06:43 +0000"
olivia,cora,patterson,74086145,v913ozl,3054 church lane,"Fri, 07 Aug 2016 12:01:47 +0000"
ivan,brad,clark,607274,nnreg8lxum3,1868 cedar lane,"Fri, 13 Oct 2010 16:40:20 +0000"
anna,mark,wiseman,46707654,3ltfiuhp,5004 oak avenue,"Fri, 13 Jul 2017 11:44:09 +0000"
drew,sophia,sullivan,51510679,l58l9k5si,3066 elm lane,"Wed, 01 Aug 2002 19:03:55 +0000"
ivan,walt,burns,75384270,505025kfbo,4786 main road,"Tue, 25 Aug 2016 07:34:18 +0000"
zola,josh,jenkins,66489831,6hhr8x8c28,3581 park street,"Sun, 08 May 2025 23:53:41 +0000"
troy,gail,evans,35284462,f2hpnw1k,2282 high avenue,"Fri, 12 Sep 2006 06:51:03 +0000"
hope,owen,henry,22609227,ssr6gi0d,4544 mill avenue,"Tue, 05 Dec 2008 22:55:08 +0000"
boyd,lynn,richardson,90772665,5jr0y2efz,8448 spring road,"Wed, 15 Aug 2008 22:59:56 +0000"
robert,drew,martin,98354554,3we8zn,7040 mill avenue,"Sun, 10 Jun 2015 15:17:20 +0000"
laura,dora,kerry,75996307,5vdcg3bhk23a,7010 maple avenue,"Sun, 09 Feb 2018 20:19:10 +0000"
grace,kyle,hicks,11072296,kdzto1fg,18 maple lane,"Tue, 17 Nov 2012 02:08:37 +0000"
kyle,nina,woods,93371463,h1i4eoyf,1679 oak road,"Tue, 13 Mar 2018 11:56:19 +0000"
julia,mark,lewis,9192050,ak2wnj02nf,1647 pine street,"Wed, 14 Jun 2023 18:46:24 +0000"
owen,gail,hudson,37183969,fp9sbtn76mz,4843 church street,"Mon, 08 Aug 2018 07:31:24 +0000"
david,henry,palmer,70915413,xuiy0x,8952 church avenue,"Mon, 19 Feb 1998 15:49:04 +0000"
ethan,todd,carter,5355470,z6s601,6591 oak drive,"Wed, 03 May 2000 17:39:09 +0000"
mia,olivia,bennett,20864365,uzet1pdpf1,1901 lake drive,"Sat, 24 Nov 2021 19:03:19 +0000"
paul,henry,robertson,1709863,iak5w77qkxi,4404 spring street,"Thu, 09 Sep 2000 00:21:51 +0000"
loyd,john,wilson,77406877,e536xd5kxkq,1686 walnut drive,"Tue, 24 Sep 1998 21:46:07 +0000"
kyle,david,shaw,32833140,4xyjlc,9059 high lane,"Thu, 24 Jun 2006 07:20:15 +0000"
drew,myra,alexander,50047465,6dlo7c,6569 oak lane,"Wed, 11 Feb 2015 09:49:54 +0000"
kyle,jane,grant,49525518,stp3x5m,8955 high avenue,"Thu, 01 Apr 2015 04:00:59 +0000"
dean,aiden,morris,93084733,vaytgn,8681 maple lane,"Sat, 09 Feb 1999 15:03:09 +0000"
june,ivy,harrison,55449545,x3fg6ized1i,3880 cedar road,"Thu, 23 Dec 2008 10:59:51 +0000"
troy,max,hayes,36511299,emigjgk,7366 lake road,"Wed, 25 Apr 2012 13:07:34 +0000"
glen,walt,watson,35578761,hfktcnujfpwz,8413 main road,"Mon, 13 Aug 2015 08:52:11 +0000"
