first,last,full
noah,brooks,noahbrooks
dawn,porter,dawnporter
kent,edwards,kentedwards
david,harrison,davidharrison
james,reed,jamesreed
gary,long,garylong
owen,morgan,owenmorgan
adam,garcia,adamgarcia
vera,gomez,veragomez
carl,woods,carlwoods
lynn,clark,lynnclark
mark,alexander,markalexander
chloe,bennett,chloebennett
rene,burns,reneburns
clay,smith,claysmith
mary,mills,marymills
gail,russell,gailrussell
adam,wright,adamwright
ross,bailey,rossbailey
ruby,richardson,rubyrichardson
ross,baker,rossbaker
loyd,peterson,loydpeterson
dora,hunt,dorahunt
saul,spencer,saulspencer
amy,wilson,amywilson
hope,ross,hopeross
adam,black,adamblack
faye,collins,fayecollins
faye,harris,fayeharris
emma,young,emmayoung
lucas,cook,lucascook
rita,evans,ritaevans
ross,nichols,rossnichols
lena,crawford,lenacrawford
lynn,mcdonald,lynnmcdonald
paul,allen,paulallen
adam,owens,adamowens
fern,davis,ferndavis
adam,bell,adambell
anna,wallace,annawallace
tess,parker,tessparker
adam,price,adamprice
kyle,bryant,kylebryant
brad,stevens,bradstevens
jane,wells,janewells
cleo,thomas,cleothomas
aiden,ford,aidenford
neil,kennedy,neilkennedy
lily,barnes,lilybarnes
kurt,dunn,kurtdunn
olivia,ward,oliviaward
josh,holmes,joshholmes
clay,cox,claycox
edna,murray,ednamurray
troy,kelly,troykelly
grace,cooper,gracecooper
opal,dixon,opaldixon
norma,norman,normanorman
gary,taylor,garytaylor
lynn,cole,lynncole
linda,powell,lindapowell
sarah,webb,sarahwebb
iris,wood,iriswood
jake,stewart,jakestewart
loyd,roberts,loydroberts
fern,coleman,ferncoleman
kurt,morales,kurtmorales
sarah,jones,sarahjones
james,knight,jamesknight
omar,berry,omarberry
troy,myers,troymyers
max,martin,maxmartin
jake,grant,jakegrant
cora,kerry,corakerry
laura,galt,lauragalt
faye,simpson,fayesimpson
ross,mason,rossmason
myra,jenkins,myrajenkins
vera,sanders,verasanders
nora,gibson,noragibson
dean,torres,deantorres
julia,boyd,juliaboyd
rene,watson,renewatson
walt,mitchell,waltmitchell
loyd,gordon,loydgordon
mia,stone,miastone
mary,perkins,maryperkins
edna,tucker,ednatucker
beth,pierce,bethpierce
ruby,campbell,rubycampbell
gwen,sullivan,gwensullivan
jake,hayes,jakehayes
robert,white,robertwhite
chloe,ortiz,chloeortiz
kyle,rose,kylerose
max,daniels,maxdaniels
cora,hunter,corahunter
hans,morris,hansmorris
enid,rice,enidrice
gary,hamilton,garyhamilton
adam,graham,adamgraham
rene,henry,renehenry
mark,ramos,markramos
rose,simmons,rosesimmons
gary,marshall,garymarshall
opal,gray,opalgray
david,hughes,davidhughes
josh,alder,joshalder
nina,moore,ninamoore
clay,cruz,claycruz
joan,fisher,joanfisher
kirk,hudson,kirkhudson
nora,payne,norapayne
hans,palmer,hanspalmer
joan,wiseman,joanwiseman
mia,lewis,mialewis
eric,robertson,ericrobertson
emma,ramirez,emmaramirez
rose,matthews,rosematthews
ivan,turner,ivanturner
cora,reynolds,corareynolds
enid,james,enidjames
cleo,freeman,cleofreeman
hans,patterson,hanspatterson
ross,perez,rossperez
linda,ellis,lindaellis
lily,hawkins,lilyhawkins
liam,carter,liamcarter
drew,adams,drewadams
kurt,gardner,kurtgardner
faye,green,fayegreen
ethan,warren,ethanwarren
noah,arnold,noaharnold
noah,butler,noahbutler
jack,murphy,jackmurphy
max,scott,maxscott
hope,henderson,hopehenderson
iris,miller,irismiller
max,nelson,maxnelson
jane,perry,janeperry
chad,case,chadcase
kent,hicks,kenthicks
todd,walker,toddwalker
tess,ferguson,tessferguson
fern,king,fernking
paul,rivera,paulrivera
emma,gonzales,emmagonzales
enid,griffin,enidgriffin
gail,jordan,gailjordan
robert,flores,robertflores
hope,diaz,hopediaz
rita,howard,ritahoward
june,washington,junewashington
rita,west,ritawest
edna,reyes,ednareyes
adam,foster,adamfoster
norma,stephens,normastephens
owen,rogers,owenrogers
sarah,shaw,sarahshaw
omar,phillips,omarphillips
