first,last,noise_num,noise_code,noise_addr,noise_ts
noah,brooks,21658467,vm8zmgaucu,2941 cedar avenue,"Fri, 23 Jan 2009 16:57:15 +0000"
dawn,porter,92501109,0kdd2z8,7082 pine lane,"Sun, 08 Mar 2025 13:59:15 +0000"
kent,edwards,27767450,6ynn40f6vh8z,2901 park lane,"Fri, 10 Feb 1998 03:15:27 +0000"
david,harrison,25494177,6kmojg8,8325 spring avenue,"Thu, 24 Oct 2021 11:57:11 +0000"
james,reed,70924604,ubz45ygc1,6066 mill drive,"Fri, 17 Feb 2025 05:00:40 +0000"
gary,long,35765742,ei320h3,8244 spring street,"Fri, 28 Sep 2018 11:37:26 +0000"
owen,morgan,72624177,tw5lbjzyxz8,6300 high avenue,"Fri, 27 Feb 2002 19:55:22 +0000"
adam,garcia,60168717,t6kvuor,7130 church street,"Tue, 19 Oct 1998 14:47:19 +0000"
vera,gomez,35996064,4j01te2z5b9,64 hill drive,"Sat, 16 May 2015 14:19:43 +0000"
carl,woods,92027517,szre6m6th0,7571 maple road,"Wed, 07 Jul 2021 14:33:40 +0000"
lynn,clark,72009061,8gys8bqsuak6,6464 walnut street,"Sun, 02 Mar 2010 10:10:07 +0000"
mark,alexander,61573112,zzs9db,8919 pine road,"Wed, 17 Feb 2022 17:53:16 +0000"
chloe,bennett,83117,89mcv4t89p,9749 spring lane,"Sat, 04 Sep 2009 08:53:54 +0000"
rene,burns,31760868,j2xada,3488 main road,"Sat, 13 Feb 2016 23:24:48 +0000"
clay,smith,80062851,nbwysg9q,9263 maple lane,"Wed, 14 Aug 2016 17:42:54 +0000"
mary,mills,67475025,4bh74k0cbhn1,6101 walnut street,"Wed, 10 May 2002 01:14:17 +0000"
gail,russell,79910619,z4rv19,6568 mill road,"Thu, 05 Mar 2001 05:19:02 +0000"
adam,wright,46206801,14iu1lllha,5436 maple avenue,"Wed, 15 Jan 2006 20:41:42 +0000"
ross,bailey,41255534,yt8suxo1u,2798 oak avenue,"Mon, 16 Feb 2002 17:14:20 +0000"
ruby,richardson,44706776,wngkdapzilf,1114 walnut lane,"Sat, 05 Nov 2012 07:59:49 +0000"
ross,baker,21089288,r88pw9uu9,5321 pine avenue,"Tue, 22 Jun 2002 18:42:19 +0000"
loyd,peterson,41970195,zh6u5x,1377 lake street,"Mon, 17 Nov 1999 01:21:58 +0000"
dora,hunt,41418024,fq23tr4oxn,5843 high avenue,"Fri, 24 Dec 2025 09:28:55 +0000"
saul,spencer,39711147,3hwt3m,4260 cedar drive,"Tue, 16 Sep 2015 06:02:21 +0000"
amy,wilson,29839291,h7n0fem,3927 mill drive,"Mon, 17 Aug 2014 19:11:27 +0000"
hope,ross,23509185,9ewl484mas91,3014 elm street,"Thu, 23 May 2011 10:11:07 +0000"
adam,black,88713668,uo46dg6,9250 mill street,"Thu, 07 May 2006 11:27:43 +0000"
faye,collins,66657695,42ykze,5086 maple avenue,"Fri, 19 May 2026 12:08:37 +0000"
faye,harris,84447041,1qvdbchd89v4,3734 river street,"Sun, 22 Dec 2008 17:57:14 +0000"
emma,young,12787482,f807ssksyr6,8466 cedar drive,"Thu, 19 Jun 2012 21:39:46 +0000"
lucas,cook,75311514,5vw7i7hd,2936 pine street,"Thu, 24 Sep 2017 14:47:37 +0000"
rita,evans,88939256,eit78m2f3av7,4903 walnut road,"Sun, 09 Apr 2011 10:51:06 +0000"
ross,nichols,21468188,z7gflnbn76,5599 high lane,"Mon, 19 Apr 2017 17:07:49 +0000"
lena,crawford,72322564,rvabkg,7296 lake drive,"Tue, 18 Jul 2011 01:23:20 +0000"
lynn,mcdonald,27890490,xfu68b3,195 high road,"Thu, 01 Dec 2021 06:08:43 +0000"
paul,allen,16365844,pfap8i4tiu,5728 oak avenue,"Fri, 02 Dec 2014 23:27:02 +0000"
adam,owens,71818026,g6hcsuditn3n,6562 oak road,"Fri, 16 Apr 2010 22:50:50 +0000"
fern,davis,53973175,2fnw6zp,3425 elm avenue,"Mon, 21 Jun 2015 19:03:45 +0000"
adam,bell,57750709,xs2pfv,6322 mill lane,"Fri, 06 Jun 2009 07:37:31 +0000"
anna,wallace,13601154,spzci6p45,2978 lake street,"Thu, 25 Nov 2010 05:34:38 +0000"
tess,parker,638942,psl7fyqq,1126 mill lane,"Mon, 20 Dec 2012 02:02:57 +0000"
adam,price,85185374,v8t0qcx,2039 main avenue,"Mon, 05 Aug 2004 21:35:34 +0000"
kyle,bryant,35451367,50n1i6g,4314 church road,"Mon, 17 Oct 2005 21:17:29 +0000"
brad,stevens,42555479,nb0c05zqall6,8792 high road,"Sun, 09 Jun 2022 19:32:29 +0000"
jane,wells,15027061,pv83i5h3rmb1,9058 hill street,"Sun, 27 May 2022 03:48:24 +0000"
cleo,thomas,4723027,tn67e65,3368 hill lane,"Wed, 17 Apr 2021 14:41:47 +0000"
aiden,ford,28792865,s42aqgoaa,1847 elm avenue,"Sun, 14 Jan 2003 16:52:40 +0000"
neil,kennedy,17151790,iwqkcqeko,1393 river street,"Thu, 15 Mar 1998 23:41:22 +0000"
lily,barnes,37523650,bd5rgn,2615 cedar road,"Sat, 03 Jan 2017 07:53:35 +0000"
kurt,dunn,95920242,tgjjr83b94,2475 spring lane,"Fri, 14 Apr 2003 08:55:59 +0000"
olivia,ward,50099292,5tjlsa,4343 mill avenue,"Mon, 18 Oct 1999 05:26:06 +0000"
josh,holmes,25836028,y71gynd4,197 pine drive,"Sat, 06 Jan 2002 12:28:44 +0000"
clay,cox,4727473,vpz0ie,9360 elm avenue,"Mon, 01 Jun 2012 13:34:37 +0000"
edna,murray,81200343,bdg5piva,426 high lane,"Mon, 07 Jan 2018 06:39:29 +0000"
troy,kelly,23050510,fgn8yc6,7744 walnut street,"Tue, 06 Feb 1998 20:24:31 +0000"
grace,cooper,42451437,r0h5hk9e4a3q,5020 maple lane,"Tue, 25 May 2007 01:09:52 +0000"
opal,dixon,17692464,xjfzajv,2967 maple drive,"Tue, 24 Nov 2021 08:48:05 +0000"
norma,norman,78304709,t24lybnl,6893 church road,"Tue, 16 Jul 2000 10:06:14 +0000"
gary,taylor,62504282,t9birww8wh,6264 main avenue,"Sat, 04 Jun 2015 03:06:36 +0000"
lynn,cole,12212914,18zs80q,7848 hill lane,"Tue, 07 Aug 2010 16:43:26 +0000"
linda,powell,1308102,7rt3qb6o29,1452 river street,"Wed, 20 Oct 2002 18:02:31 +0000"
sarah,webb,58687738,cdz7mzim,5342 maple road,"Thu, 09 Aug 1999 17:17:32 +0000"
iris,wood,21178865,o70ur1,3072 pine street,"Tue, 24 Dec 2013 05:04:10 +0000"
jake,stewart,99672519,awvanna,999 main street,"Tue, 26 May 2021 17:33:24 +0000"
loyd,roberts,54140831,phaa77fhq,1952 park street,"Sun, 03 Jul 2016 00:37:54 +0000"
fern,coleman,99516677,jpi5m383cya,8877 high road,"Mon, 28 Sep 2011 09:34:53 +0000"
kurt,morales,34639948,pcdb6rop1,1946 walnut street,"Thu, 03 Feb 2014 23:53:15 +0000"
sarah,jones,42736974,9xqv6j,9394 high road,"Sat, 09 Nov 1998 04:01:12 +0000"
james,knight,48733563,upr00b2,5270 park drive,"Wed, 19 Dec 2006 19:38:16 +0000"
omar,berry,57984332,jdgd9irbi,8833 walnut street,"Tue, 21 Apr 2014 22:32:09 +0000"
troy,myers,80065976,sajzjc7w6e5q,5321 walnut avenue,"Wed, 21 Apr 2011 14:14:50 +0000"
max,martin,21453889,w3basfk,1552 high drive,"Wed, 04 Sep 2001 04:35:44 +0000"
jake,grant,56203324,luwbsz,1875 walnut street,"Tue, 08 Jan 2006 01:29:38 +0000"
cora,kerry,54824320,dfi9p7,2349 lake street,"Sat, 06 Apr 2026 00:05:46 +0000"
laura,galt,76218598,1ewfibq8xa5,7036 park road,"Sat, 25 May 2007 07:52:49 +0000"
faye,simpson,97372358,tlj20o,4913 park street,"Wed, 08 Jan 2009 03:39:05 +0000"
ross,mason,96536503,nt5jqpw90f5,6715 hill avenue,"Mon, 24 Nov 2002 05:20:48 +0000"
myra,jenkins,89691400,z2a6z0y,5753 walnut lane,"Wed, 03 Oct 2026 04:54:08 +0000"
vera,sanders,54874149,826rs43fkdnx,247 main lane,"Wed, 17 Oct 2013 03:51:32 +0000"
nora,gibson,19548668,purntdt,6870 walnut lane,"Tue, 03 Jun 2023 17:09:07 +0000"
dean,torres,58102604,qwkwqlbzrsfh,1657 church drive,"Fri, 18 Feb 2014 15:49:12 +0000"
julia,boyd,62233246,a1otovs,8200 mill drive,"Fri, 17 May 2016 05:46:04 +0000"
rene,watson,72063491,zzqbwg,1651 main avenue,"Wed, 10 Apr 2019 02:10:52 +0000"
walt,mitchell,37452168,lpbhzd,5095 river drive,"Tue, 16 Mar 2001 13:00:52 +0000"
loyd,gordon,97986362,6yddmkdmg29,9704 river drive,"Sun, 09 Jan 1998 01:05:05 +0000"
mia,stone,39981921,hpg5g390c,1720 walnut lane,"Sat, 23 Oct 2022 04:48:22 +0000"
mary,perkins,96882791,qgs37vxahe,3376 lake road,"Tue, 23 Feb 1998 07:21:33 +0000"
edna,tucker,22352927,727a4i3do3,1835 park street,"Sat, 17 Feb 2022 13:01:35 +0000"
beth,pierce,63089869,jimyq45h8m5v,3715 main lane,"Mon, 01 Mar 2023 13:35:55 +0000"
ruby,campbell,73431108,9xw36c,242 pine road,"Tue, 26 Mar 2004 21:55:18 +0000"
gwen,sullivan,25004420,hzcyy9w,7470 cedar lane,"Thu, 26 Aug 2019 21:30:01 +0000"
jake,hayes,47859601,1hpxjf,5274 main street,"Sun, 05 Jul 2000 13:57:19 +0000"
robert,white,64480508,nmxc7q,2565 cedar avenue,"Mon, 20 Sep 2025 22:47:44 +0000"
chloe,ortiz,77572721,s8s6eob,168 cedar street,"Sun, 26 Feb 2024 23:27:38 +0000"
kyle,rose,42475525,ocjgxey4x9ys,6624 spring avenue,"Fri, 28 Jun 2005 07:42:55 +0000"
max,daniels,73823122,faubhr,8171 park road,"Sun, 26 Oct 2023 04:31:32 +0000"
cora,hunter,16422074,4p9vuhi8,1252 walnut lane,"Mon, 05 Apr 2016 15:21:51 +0000"
hans,morris,75546023,6gvxqjyc3,2635 maple lane,"Sun, 10 Jul 2022 00:09:18 +0000"
enid,rice,49645288,r133jcwe2gb3,3336 main drive,"Thu, 26 May 2022 14:07:23 +0000"
gary,hamilton,64526360,o4dng5uto7,262 high avenue,"Mon, 27 May 2014 14:18:52 +0000"
adam,graham,94724474,lydklvqz7,6600 pine lane,"Sun, 10 Jan 2012 05:35:33 +0000"
rene,henry,57537165,ia2ynj4e,3384 elm avenue,"Thu, 16 Jul 2020 23:35:58 +0000"
mark,ramos,48078003,in7164d0bq,8471 walnut drive,"Tue, 06 Jan 2020 12:37:43 +0000"
rose,simmons,49739857,pqawb7j4m0fu,9768 mill lane,"Mon, 11 Apr 2019 13:16:49 +0000"
gary,marshall,99044784,02d4635v,5641 cedar avenue,"Fri, 23 Jan 2005 13:54:04 +0000"
opal,gray,70738547,jl4nzi3n,2954 main avenue,"Thu, 04 Feb 2022 05:41:09 +0000"
david,hughes,62392863,x51h5g1kdsk8,6095 oak road,"Thu, 19 Sep 2005 08:53:35 +0000"
josh,alder,50314388,g1anllb,2953 spring lane,"Mon, 04 May 2003 18:50:35 +0000"
nina,moore,53364321,5ed18be2,7612 walnut street,"Thu, 07 Aug 2026 06:51:05 +0000"
clay,cruz,5289811,acsmnl03,3008 cedar road,"Sun, 04 Aug 2003 12:36:14 +0000"
joan,fisher,37408032,21p9a8oczuqd,2561 walnut road,"Sun, 18 Jun 2001 19:46:39 +0000"
kirk,hudson,81026927,oi3k5l8,1426 pine drive,"Tue, 12 Nov 1999 03:52:24 +0000"
nora,payne,75603067,1di102zvk3k9,4977 elm avenue,"Fri, 24 Nov 2016 18:31:16 +0000"
hans,palmer,3150013,a681ta05x,6764 mill street,"Mon, 22 Dec 2001 05:02:34 +0000"
joan,wiseman,23062880,cklextpcrq,8884 river street,"Tue, 12 Apr 2005 18:14:11 +0000"
mia,lewis,23271698,kpwecj,6132 walnut road,"Mon, 20 Dec 2005 11:54:03 +0000"
eric,robertson,38084872,coz699sn,3173 high avenue,"Wed, 28 Apr 2010 06:56:10 +0000"
emma,ramirez,79479712,ia8bw8ohi,4415 high road,"Fri, 02 Aug 2022 02:10:56 +0000"
rose,matthews,80331827,uidhjp5zm,1233 lake lane,"Wed, 06 Feb 1998 09:37:23 +0000"
ivan,turner,24471495,rfn2vgilz2,1246 spring avenue,"Tue, 24 Jul 2002 03:30:23 +0000"
cora,reynolds,36794982,uj6zqygjb,6976 oak lane,"Fri, 19 Mar 2019 07:01:00 +0000"
enid,james,71554236,uirdmkge,5798 spring avenue,"Wed, 04 May 2004 10:22:00 +0000"
cleo,freeman,18743307,gtpd72,7949 walnut drive,"Wed, 15 Oct 2002 14:40:08 +0000"
hans,patterson,92945594,qijf68pqu8h,9679 pine street,"Thu, 16 Jan 2011 09:49:34 +0000"
ross,perez,85110395,mnpk91wgw,937 pine road,"Sat, 10 Jul 2006 14:45:34 +0000"
linda,ellis,69771721,6w77m8ku,7164 spring lane,"Tue, 01 Dec 2014 04:25:50 +0000"
lily,hawkins,53415043,ikxtnuxfz,2766 hill avenue,"Wed, 01 Feb 2015 05:11:55 +0000"
liam,carter,47344398,zkt2l90mqla,1486 mill avenue,"Wed, 03 May 2016 05:15:59 +0000"
drew,adams,23498519,aa0zk2ci0z,5 cedar road,"Thu, 07 Mar 2000 01:37:23 +0000"
kurt,gardner,38267465,cboedfopxm8,2911 pine avenue,"Mon, 03 Oct 2005 09:53:29 +0000"
faye,green,786989,c0b7j35cuzr,6558 oak lane,"Sun, 05 Jul 2007 01:30:27 +0000"
ethan,warren,95131652,waauo3lmr1,1477 lake lane,"Tue, 22 Feb 2004 21:09:54 +0000"
noah,arnold,55088472,aqsf1t,2249 maple street,"Sun, 10 Feb 2021 12:22:17 +0000"
noah,butler,61718841,34y7x40,519 park avenue,"Tue, 20 Jan 2024 08:38:18 +0000"
jack,murphy,57531272,e4uvg692bf5m,2826 cedar avenue,"Wed, 18 Apr 2012 01:56:10 +0000"
max,scott,35793614,re5korw1vm6y,9382 cedar lane,"Tue, 12 May 2022 18:48:00 +0000"
hope,henderson,49633397,oyi09cr3lm7,7109 spring road,"Mon, 20 Jun 2005 02:41:00 +0000"
iris,miller,45270386,u4rlfzrpubc,9529 high avenue,"Wed, 22 Jul 1999 15:34:04 +0000"
max,nelson,65606062,0gso367qrn3d,6492 spring lane,"Thu, 27 Nov 2025 02:34:48 +0000"
jane,perry,55795959,03iyoz9e,6026 church road,"Wed, 27 Sep 2021 22:05:33 +0000"
chad,case,76682330,dj24kh,182 high drive,"Sat, 15 Nov 2024 09:21:02 +0000"
kent,hicks,51691710,spx01c,5529 walnut street,"Thu, 09 Jul 2016 07:45:15 +0000"
todd,walker,32980199,bz42nbz,7717 spring street,"Tue, 24 Mar 2011 17:59:08 +0000"
tess,ferguson,63813737,rfb62661vn,8232 high road,"Sun, 02 Jul 2013 21:38:51 +0000"
fern,king,27557678,0ntk664zbu,5287 mill street,"Fri, 05 Mar 2024 21:40:19 +0000"
paul,rivera,93220093,dq91e8z2b,6671 park avenue,"Sun, 03 Jul 2022 05:53:03 +0000"
emma,gonzales,77571798,a4ml6f8k5h9,2522 park road,"Tue, 15 Feb 2012 06:49:51 +0000"
enid,griffin,825480,1tqkzskbn8,3841 walnut street,"Wed, 10 Nov 2018 21:49:15 +0000"
gail,jordan,92932822,hsw02b,6233 river avenue,"Sun, 18 Aug 2004 02:39:21 +0000"
robert,flores,49383927,7kro96rp,890 spring avenue,"Sat, 03 Aug 2021 22:43:52 +0000"
hope,diaz,14994878,46ayyrohv,8646 river street,"Sun, 09 Oct 2021 03:24:41 +0000"
rita,howard,19057759,6fvam2ch4dj0,4889 main lane,"Fri, 21 Sep 1999 01:13:01 +0000"
june,washington,85992813,e3kzj7k09lst,8628 elm street,"Thu, 05 Sep 2014 21:54:01 +0000"
rita,west,77782948,l3rfe08a,6931 walnut drive,"Fri, 13 Feb 2003 21:07:46 +0000"
edna,reyes,54521793,ia9c7ibph,7476 main avenue,"Wed, 09 May 2004 13:12:43 +0000"
adam,foster,79851041,lqv75afla,4838 high avenue,"Wed, 07 Jul 2017 09:10:42 +0000"
norma,stephens,78603456,jo3xpa,2993 hill road,"Sun, 27 Dec 1999 18:28:25 +0000"
owen,rogers,81888836,2aispyuit,689 elm road,"Thu, 09 Sep 2022 07:44:48 +0000"
sarah,shaw,93950641,2xrbpzr68j,1948 elm drive,"Fri, 12 May 2020 14:31:15 +0000"
omar,phillips,55188770,mio1cyz,7596 river drive,"Fri, 03 Mar 2009 16:26:18 +0000"
